function	provenance	current_source	current_header	original_source	original_header	linux	macos	freebsd
p101_clock_getres	POSIX	libraries/lib_time/src/posix/time.c	libraries/lib_time/include/p101_time/time.h	libraries/lib_posix/src/time.c	libraries/lib_posix/include/p101_posix/p101_time.h	yes	yes	yes
p101_clock_gettime	POSIX	libraries/lib_time/src/posix/time.c	libraries/lib_time/include/p101_time/time.h	libraries/lib_posix/src/time.c	libraries/lib_posix/include/p101_posix/p101_time.h	yes	yes	yes
p101_clock_settime	POSIX	libraries/lib_time/src/posix/time.c	libraries/lib_time/include/p101_time/time.h	libraries/lib_posix/src/time.c	libraries/lib_posix/include/p101_posix/p101_time.h	yes	yes	yes
p101_gmtime_r	POSIX	libraries/lib_time/src/posix/time.c	libraries/lib_time/include/p101_time/time.h	libraries/lib_posix/src/time.c	libraries/lib_posix/include/p101_posix/p101_time.h	yes	yes	yes
p101_localtime_r	POSIX	libraries/lib_time/src/posix/time.c	libraries/lib_time/include/p101_time/time.h	libraries/lib_posix/src/time.c	libraries/lib_posix/include/p101_posix/p101_time.h	yes	yes	yes
p101_nanosleep	POSIX	libraries/lib_time/src/posix/time.c	libraries/lib_time/include/p101_time/time.h	libraries/lib_posix/src/time.c	libraries/lib_posix/include/p101_posix/p101_time.h	yes	yes	yes
p101_strftime_l	POSIX	libraries/lib_time/src/posix/time.c	libraries/lib_time/include/p101_time/time.h	libraries/lib_posix/src/time.c	libraries/lib_posix/include/p101_posix/p101_time.h	yes	yes	yes
p101_strptime	XSI	libraries/lib_time/src/posix_xsi/time.c	libraries/lib_time/include/p101_time/time.h	libraries/lib_posix_xsi/src/time.c	libraries/lib_posix_xsi/include/p101_posix_xsi/p101_time.h	yes	yes	yes
p101_tzset	POSIX	libraries/lib_time/src/posix/time.c	libraries/lib_time/include/p101_time/time.h	libraries/lib_posix/src/time.c	libraries/lib_posix/include/p101_posix/p101_time.h	yes	yes	yes
